OBJECTID,featurecla,LEVEL,TYPE,FORMAL_EN,POP_EST,POP_RANK,GDP_MD_EST,POP_YEAR,LASTCENSUS,GDP_YEAR,ECONOMY,INCOME_GRP,FIPS_10_,ISO_A2,ISO_A3,ISO_A3_EH,ISO_N3,UN_A3,WB_A2,WB_A3,CONTINENT,REGION_UN,SUBREGION,REGION_WB,NAME_DE,NAME_EN,NAME_ES,NAME_FR,WB_REGION,Shape_Leng,Shape_Area
"1",Admin-0 country,"2",Sovereign country,Republic of Indonesia,"260580739","17",3028000,"2017","2010","2016",4. Emerging region: MIKT,4. Lower middle income,ID,ID,IDN,IDN,"360","360",ID,IDN,Asia,Asia,South-Eastern Asia,East Asia & Pacific,Indonesien,Indonesia,Indonesia,Indonésie,EAP,495.029918165,153.07860773
"2",Admin-0 country,"2",Sovereign country,Malaysia,"31381992","15",863000,"2017","2010","2016",6. Developing region,3. Upper middle income,MY,MY,MYS,MYS,"458","458",MY,MYS,Asia,Asia,South-Eastern Asia,East Asia & Pacific,Malaysia,Malaysia,Malasia,Malaisie,EAP,68.456912617,26.703172158
"3",Admin-0 country,"2",Sovereign country,Republic of Chile,"17789267","14",436100,"2017","2002","2016",5. Emerging region: G20,3. Upper middle income,CI,CL,CHL,CHL,"152","152",CL,CHL,South America,Americas,South America,Latin America & Caribbean,Chile,Chile,Chile,Chili,LCR,416.997271602,76.7618125583
"4",Admin-0 country,"2",Sovereign country,Plurinational State of Bolivia,"11138234","14",78350,"2017","2001","2016",5. Emerging region: G20,4. Lower middle income,BL,BO,BOL,BOL,"068","068",BO,BOL,South America,Americas,South America,Latin America & Caribbean,Bolivien,Bolivia,Bolivia,Bolivie,LCR,54.3459907439,92.2035874193
"5",Admin-0 country,"2",Sovereign country,Republic of Peru,"31036656","15",410400,"2017","2007","2016",5. Emerging region: G20,3. Upper middle income,PE,PE,PER,PER,"604","604",PE,PER,South America,Americas,South America,Latin America & Caribbean,Peru,Peru,Perú,Pérou,LCR,73.2621923615,106.417089189
"6",Admin-0 country,"2",Sovereign country,Argentine Republic,"44293293","15",879400,"2017","2010","2016",5. Emerging region: G20,3. Upper middle income,AR,AR,ARG,ARG,"032","032",AR,ARG,South America,Americas,South America,Latin America & Caribbean,Argentinien,Argentina,Argentina,Argentine,LCR,151.513103612,278.681072546
"7",Admin-0 country,"2",Sovereign country,Republic of Cyprus,"1221549","12",29260,"2017","2001","2016",6. Developing region,2. High income: nonOECD,CY,CY,CYP,CYP,"196","196",CY,CYP,Asia,Asia,Western Asia,Europe & Central Asia,Republik Zypern,Cyprus,Chipre,Chypre,ECA,9.59670112372,0.88331100519
"8",Admin-0 country,"2",Sovereign country,Republic of India,"1281935911","18",8721000,"2017","2011","2016",3. Emerging region: BRIC,4. Lower middle income,IN,IN,IND,IND,"356","356",IN,IND,Asia,Asia,Southern Asia,South Asia,Indien,India,India,Inde,SOA,199.04702445,272.304351424
"9",Admin-0 country,"2",Country,People's Republic of China,"1379302771","18",21140000,"2017","2010","2016",3. Emerging region: BRIC,3. Upper middle income,CH,CN,CHN,CHN,"156","156",CN,CHN,Asia,Asia,Eastern Asia,East Asia & Pacific,Volksrepublik China,People's Republic of China,República Popular China,République populaire de Chine,EAP,376.667094731,951.364849904
"10",Admin-0 country,"2",Country,State of Israel,"8299706","13",297000,"2017","2009","2016",2. Developed region: nonG7,1. High income: OECD,"-99",IL,ISR,ISR,"376","376",IL,ISR,Asia,Asia,Western Asia,Middle East & North Africa,Israel,Israel,Israel,Israël,Other,11.1306298005,1.95430445105
"11",Admin-0 country,"2",Disputed,West Bank and Gaza,"4543126","12",21220.77,"2017","2007","2016",6. Developing region,4. Lower middle income,"-99",PS,PSE,PSE,"275","275",GZ,PSE,Asia,Asia,Western Asia,Middle East & North Africa,Palästina,Palestine,Palestina,Palestine,MENA,4.94599483949,0.59872278986
"12",Admin-0 country,"2",Sovereign country,Lebanese Republic,"6229794","13",85160,"2017","1970","2016",6. Developing region,3. Upper middle income,LE,LB,LBN,LBN,"422","422",LB,LBN,Asia,Asia,Western Asia,Middle East & North Africa,Libanon,Lebanon,Líbano,Liban,MENA,6.08382231465,0.97497198294
"13",Admin-0 country,"2",Sovereign country,Federal Democratic Republic of Ethiopia,"105350020","17",174700,"2017","2007","2016",7. Least developed region,5. Low income,ET,ET,ETH,ETH,"231","231",ET,ETH,Africa,Africa,Eastern Africa,Sub-Saharan Africa,Äthiopien,Ethiopia,Etiopía,Éthiopie,AFR,47.3751355117,92.7077817003
"14",Admin-0 country,"2",Sovereign country,Republic of South Sudan,"13026129","14",20880,"2017","2008","2016",7. Least developed region,5. Low income,"-99",SS,SSD,SSD,"728","728",SS,SSD,Africa,Africa,Eastern Africa,Sub-Saharan Africa,Südsudan,South Sudan,Sudán del Sur,Soudan du Sud,AFR,43.0175229608,51.631298247
"15",Admin-0 country,"2",Sovereign country,Federal Republic of Somalia,"7531386","13",4719,"2017","1987","2016",7. Least developed region,5. Low income,SO,SO,SOM,SOM,"706","706",SO,SOM,Africa,Africa,Eastern Africa,Sub-Saharan Africa,Somalia,Somalia,Somalia,Somalie,AFR,50.3532874797,52.3118107792
"16",Admin-0 country,"2",Sovereign country,Republic of Kenya,"47615739","15",152700,"2017","2009","2016",5. Emerging region: G20,5. Low income,KE,KE,KEN,KEN,"404","404",KE,KEN,Africa,Africa,Eastern Africa,Sub-Saharan Africa,Kenia,Kenya,Kenia,Kenya,AFR,36.4214752886,47.3437999413
"17",Admin-0 country,"2",Sovereign country,Islamic Republic of Pakistan,"204924861","17",988200,"2017","1998","2016",5. Emerging region: G20,4. Lower middle income,PK,PK,PAK,PAK,"586","586",PK,PAK,Asia,Asia,Southern Asia,South Asia,Pakistan,Pakistan,Pakistán,Pakistan,SOA,74.3614695748,81.7104361532
"18",Admin-0 country,"2",Sovereign country,Republic of Malawi,"19196246","14",21200,"2017","2008","2016",7. Least developed region,5. Low income,MI,MW,MWI,MWI,"454","454",MW,MWI,Africa,Africa,Eastern Africa,Sub-Saharan Africa,Malawi,Malawi,Malaui,Malawi,AFR,24.7421347262,9.96232716407
"19",Admin-0 country,"2",Sovereign country,United Republic of Tanzania,"53950935","16",150600,"2017","2002","2016",7. Least developed region,5. Low income,TZ,TZ,TZA,TZA,"834","834",TZ,TZA,Africa,Africa,Eastern Africa,Sub-Saharan Africa,Tansania,Tanzania,Tanzania,Tanzanie,AFR,51.1750979562,77.018650054
"20",Admin-0 country,"2",Sovereign country,Syrian Arab Republic,"18028549","14",50280,"2017","2004","2015",6. Developing region,4. Lower middle income,SY,SY,SYR,SYR,"760","760",SY,SYR,Asia,Asia,Western Asia,Middle East & North Africa,Syrien,Syria,Siria,Syrie,MENA,23.4622120146,18.4925178602
"21",Admin-0 country,"2",Country,French Republic,"67106161","16",2699000,"2017","-99","2016",1. Developed region: G7,1. High income: OECD,FR,"-99","-99",FRA,"250","250",FR,FRA,Europe,Europe,Western Europe,Europe & Central Asia,Frankreich,France,Francia,France,Other,102.208550713,71.5758175792
"22",Admin-0 country,"2",Sovereign country,Republic of Suriname,"591919","11",8547,"2017","2004","2016",6. Developing region,3. Upper middle income,NS,SR,SUR,SUR,"740","740",SR,SUR,South America,Americas,South America,Latin America & Caribbean,Suriname,Suriname,Surinam,Suriname,LCR,18.5113496728,11.8216892718
"23",Admin-0 country,"2",Sovereign country,Co-operative Republic of Guyana,"737718","11",6093,"2017","2002","2016",6. Developing region,4. Lower middle income,GY,GY,GUY,GUY,"328","328",GY,GUY,South America,Americas,South America,Latin America & Caribbean,Guyana,Guyana,Guyana,Guyana,LCR,28.7368581744,17.2264606588
"24",Admin-0 country,"2",Sovereign country,Republic of Korea,"51181299","16",1929000,"2017","2010","2016",4. Emerging region: MIKT,1. High income: OECD,KS,KR,KOR,KOR,"410","410",KR,KOR,Asia,Asia,Eastern Asia,East Asia & Pacific,Südkorea,South Korea,Corea del Sur,Corée du Sud,EAP,50.6676015025,9.89804821942
"25",Admin-0 country,"2",Sovereign country,Democratic People's Republic of Korea,"25248140","15",40000,"2013","2009","2016",7. Least developed region,5. Low income,KN,KP,PRK,PRK,"408","408",KP,PRK,Asia,Asia,Eastern Asia,East Asia & Pacific,Nordkorea,North Korea,Corea del Norte,Corée du Nord,Other,35.3322769771,12.9380459346
"26",Admin-0 country,"2",Sovereign country,Kingdom of Morocco,"33986655","15",282800,"2017","2004","2016",6. Developing region,4. Lower middle income,MO,MA,MAR,MAR,"504","504",MA,MAR,Africa,Africa,Northern Africa,Middle East & North Africa,Marokko,Morocco,Marruecos,Maroc,MENA,37.3162015249,39.4587009317
"27",Admin-0 country,"2",Sovereign country,Republic of Costa Rica,"4930258","12",79260,"2017","2011","2016",5. Emerging region: G20,3. Upper middle income,CS,CR,CRI,CRI,"188","188",CR,CRI,North America,Americas,Central America,Latin America & Caribbean,Costa Rica,Costa Rica,Costa Rica,Costa Rica,LCR,18.3804669273,4.21732580754
"28",Admin-0 country,"2",Sovereign country,Republic of Nicaragua,"6025951","13",33550,"2017","2005","2016",6. Developing region,4. Lower middle income,NU,NI,NIC,NIC,"558","558",NI,NIC,North America,Americas,Central America,Latin America & Caribbean,Nicaragua,Nicaragua,Nicaragua,Nicaragua,LCR,22.1171737998,10.7178615059
"29",Admin-0 country,"2",Sovereign country,Republic of the Congo,"4954674","12",30270,"2017","2007","2016",6. Developing region,4. Lower middle income,CF,CG,COG,COG,"178","178",CG,COG,Africa,Africa,Middle Africa,Sub-Saharan Africa,Republik Kongo,Republic of the Congo,República del Congo,République du Congo,AFR,39.5835430501,28.044545088
"30",Admin-0 country,"2",Sovereign country,Democratic Republic of the Congo,"83301151","16",66010,"2017","1984","2016",7. Least developed region,5. Low income,CG,CD,COD,COD,"180","180",ZR,ZAR,Africa,Africa,Middle Africa,Sub-Saharan Africa,Demokratische Republik Kongo,Democratic Republic of the Congo,República Democrática del Congo,République démocratique du Congo,AFR,87.7015603244,189.678904153
"31",Admin-0 country,"2",Sovereign country,Kingdom of Bhutan,"758288","11",6432,"2017","2005","2016",7. Least developed region,4. Lower middle income,BT,BT,BTN,BTN,"064","064",BT,BTN,Asia,Asia,Southern Asia,South Asia,Bhutan,Bhutan,Bután,Bhoutan,SOA,9.88984536643,3.68402684243
"32",Admin-0 country,"2",Sovereign country,Ukraine,"44033874","15",352600,"2017","2001","2016",6. Developing region,4. Lower middle income,UP,UA,UKR,UKR,"804","804",UA,UKR,Europe,Europe,Eastern Europe,Europe & Central Asia,Ukraine,Ukraine,Ucrania,Ukraine,ECA,84.1355818576,73.6498901089
"33",Admin-0 country,"2",Sovereign country,Republic of Belarus,"9549747","13",165400,"2017","2009","2016",6. Developing region,3. Upper middle income,BO,BY,BLR,BLR,"112","112",BY,BLR,Europe,Europe,Eastern Europe,Europe & Central Asia,Weißrussland,Belarus,Bielorrusia,Biélorussie,ECA,33.7134296289,28.1223903608
"34",Admin-0 country,"2",Sovereign country,Republic of Namibia,"2484780","12",25990,"2017","2001","2016",6. Developing region,3. Upper middle income,WA,NA,NAM,NAM,"516","516",NA,NAM,Africa,Africa,Southern Africa,Sub-Saharan Africa,Namibia,Namibia,Namibia,Namibie,AFR,49.8930437398,72.1291487624
"35",Admin-0 country,"2",Sovereign country,Republic of South Africa,"54841552","16",739100,"2017","2001","2016",5. Emerging region: G20,3. Upper middle income,SF,ZA,ZAF,ZAF,"710","710",ZA,ZAF,Africa,Africa,Southern Africa,Sub-Saharan Africa,Südafrika,South Africa,Sudáfrica,Afrique du Sud,AFR,72.9675124912,113.101342085
"36",Admin-0 country,"2",Dependency,Saint-Martin (French part),"32125","7",561.5,"2017","-99","2016",6. Developing region,2. High income: nonOECD,RN,MF,MAF,MAF,"663","663",MF,MAF,North America,Americas,Caribbean,Latin America & Caribbean,Saint-Martin,Saint Martin,San Martín,Saint-Martin,Other,0.38723831247,0.00582776265
"37",Admin-0 country,"2",Country,Sint Maarten (Dutch part),"42083","7",365.8,"2017","-99","2014",6. Developing region,2. High income: nonOECD,NT,SX,SXM,SXM,"534","534",SX,SXM,North America,Americas,Caribbean,Latin America & Caribbean,Sint Maarten,Sint Maarten,Sint Maarten,Saint-Martin,Other,0.22658555181,0.00199319295
"38",Admin-0 country,"2",Sovereign country,Sultanate of Oman,"3424386","12",173100,"2017","2010","2016",6. Developing region,2. High income: nonOECD,MU,OM,OMN,OMN,"512","512",OM,OMN,Asia,Asia,Western Asia,Middle East & North Africa,Oman,Oman,Omán,Oman,MENA,35.4106969408,26.9830005546
"39",Admin-0 country,"2",Sovereign country,Republic of Uzbekistan,"29748859","15",202300,"2017","1989","2016",6. Developing region,4. Lower middle income,UZ,UZ,UZB,UZB,"860","860",UZ,UZB,Asia,Asia,Central Asia,Europe & Central Asia,Usbekistan,Uzbekistan,Uzbekistán,Ouzbékistan,ECA,64.6765890608,48.5065842829
"40",Admin-0 country,"2",Sovereign country,Republic of Kazakhstan,"18556698","14",460700,"2017","2009","2016",6. Developing region,3. Upper middle income,KZ,KZ,KAZ,KAZ,"398","398",KZ,KAZ,Asia,Asia,Central Asia,Europe & Central Asia,Kasachstan,Kazakhstan,Kazajistán,Kazakhstan,ECA,158.820119761,329.367573057
"41",Admin-0 country,"2",Sovereign country,Republic of Tajikistan,"8468555","13",25810,"2017","2010","2016",6. Developing region,5. Low income,TI,TJ,TJK,TJK,"762","762",TJ,TJK,Asia,Asia,Central Asia,Europe & Central Asia,Tadschikistan,Tajikistan,Tayikistán,Tadjikistan,ECA,36.6927062362,14.6966730228
"42",Admin-0 country,"2",Sovereign country,Republic of Lithuania,"2823859","12",85620,"2017","2011","2016",2. Developed region: nonG7,3. Upper middle income,LH,LT,LTU,LTU,"440","440",LT,LTU,Europe,Europe,Northern Europe,Europe & Central Asia,Litauen,Lithuania,Lituania,Lituanie,ECA,17.8420745443,9.19039739767
"43",Admin-0 country,"2",Sovereign country,Federative Republic of Brazil,"207353391","17",3081000,"2017","2010","2016",3. Emerging region: BRIC,3. Upper middle income,BR,BR,BRA,BRA,"076","076",BR,BRA,South America,Americas,South America,Latin America & Caribbean,Brasilien,Brazil,Brasil,Brésil,LCR,283.824736665,707.102986007
"44",Admin-0 country,"2",Sovereign country,Oriental Republic of Uruguay,"3360148","12",73250,"2017","2004","2016",5. Emerging region: G20,3. Upper middle income,UY,UY,URY,URY,"858","858",UY,URY,South America,Americas,South America,Latin America & Caribbean,Uruguay,Uruguay,Uruguay,Uruguay,LCR,19.3068148819,17.0762328041
"45",Admin-0 country,"2",Sovereign country,Mongolia,"3068243","12",37000,"2017","2010","2016",6. Developing region,4. Lower middle income,MG,MN,MNG,MNG,"496","496",MN,MNG,Asia,Asia,Eastern Asia,East Asia & Pacific,Mongolei,Mongolia,Mongolia,Mongolie,EAP,85.7240719892,184.602987128
"46",Admin-0 country,"2",Sovereign country,Russian Federation,"142257519","17",3745000,"2017","2010","2016",3. Emerging region: BRIC,3. Upper middle income,RS,RU,RUS,RUS,"643","643",RU,RUS,Europe,Europe,Eastern Europe,Europe & Central Asia,Russland,Russia,Rusia,Russie,ECA,1645.53614683,2925.33260935
"47",Admin-0 country,"2",Sovereign country,Czech Republic,"10674723","14",350900,"2017","2011","2016",2. Developed region: nonG7,1. High income: OECD,EZ,CZ,CZE,CZE,"203","203",CZ,CZE,Europe,Europe,Eastern Europe,Europe & Central Asia,Tschechien,Czech Republic,República Checa,République tchèque,ECA,20.3709041337,9.82266586606
"48",Admin-0 country,"2",Sovereign country,Federal Republic of Germany,"80594017","16",3979000,"2017","2011","2016",1. Developed region: G7,1. High income: OECD,GM,DE,DEU,DEU,"276","276",DE,DEU,Europe,Europe,Western Europe,Europe & Central Asia,Deutschland,Germany,Alemania,Allemagne,Other,68.2351868316,45.9300272954
"49",Admin-0 country,"2",Sovereign country,Republic of Estonia,"1251581","12",38700,"2017","2000","2016",2. Developed region: nonG7,1. High income: OECD,EN,EE,EST,EST,"233","233",EE,EST,Europe,Europe,Northern Europe,Europe & Central Asia,Estland,Estonia,Estonia,Estonie,ECA,27.2080075383,7.08958329553
"50",Admin-0 country,"2",Sovereign country,Republic of Latvia,"1944643","12",50650,"2017","2011","2016",2. Developed region: nonG7,3. Upper middle income,LG,LV,LVA,LVA,"428","428",LV,LVA,Europe,Europe,Northern Europe,Europe & Central Asia,Lettland,Latvia,Letonia,Lettonie,ECA,20.1911330905,9.50486409628
"51",Admin-0 country,"2",Sovereign country,Kingdom of Norway,"5320045","13",364700,"2017","2001","2016",2. Developed region: nonG7,1. High income: OECD,"-99","-99","-99","-99","-99","-99","-99",NOR,Europe,Europe,Northern Europe,Europe & Central Asia,Norwegen,Norway,Noruega,Norvège,Other,552.733226009,85.5974433621
"52",Admin-0 country,"2",Sovereign country,Kingdom of Sweden,"9960487","13",498100,"2017","-99","2016",2. Developed region: nonG7,1. High income: OECD,SW,SE,SWE,SWE,"752","752",SE,SWE,Europe,Europe,Northern Europe,Europe & Central Asia,Schweden,Sweden,Suecia,Suède,Other,116.62662784,78.5608793406
"53",Admin-0 country,"2",Country,Republic of Finland,"5491218","13",224137,"2017","2010","2016",2. Developed region: nonG7,1. High income: OECD,FI,FI,FIN,FIN,"246","246",FI,FIN,Europe,Europe,Northern Europe,Europe & Central Asia,Finnland,Finland,Finlandia,Finlande,Other,94.2514364636,62.3801929127
"54",Admin-0 country,"2",Sovereign country,Socialist Republic of Vietnam,"96160163","16",594900,"2017","2009","2016",5. Emerging region: G20,4. Lower middle income,VM,VN,VNM,VNM,"704","704",VN,VNM,Asia,Asia,South-Eastern Asia,East Asia & Pacific,Vietnam,Vietnam,Vietnam,Viêt Nam,EAP,87.7198440689,27.9450607565
"55",Admin-0 country,"2",Sovereign country,Kingdom of Cambodia,"16204486","14",58940,"2017","2008","2016",7. Least developed region,5. Low income,CB,KH,KHM,KHM,"116","116",KH,KHM,Asia,Asia,South-Eastern Asia,East Asia & Pacific,Kambodscha,Cambodia,Camboya,Cambodge,EAP,26.0326129245,15.0716947
"56",Admin-0 country,"2",Sovereign country,Grand Duchy of Luxembourg,"594130","11",58740,"2017","2011","2016",2. Developed region: nonG7,1. High income: OECD,LU,LU,LUX,LUX,"442","442",LU,LUX,Europe,Europe,Western Europe,Europe & Central Asia,Luxemburg,Luxembourg,Luxemburgo,Luxembourg,Other,2.96006313204,0.32553893824
"57",Admin-0 country,"2",Sovereign country,United Arab Emirates,"6072475","13",667200,"2017","2010","2016",6. Developing region,2. High income: nonOECD,AE,AE,ARE,ARE,"784","784",AE,ARE,Asia,Asia,Western Asia,Middle East & North Africa,Vereinigte Arabische Emirate,United Arab Emirates,Emiratos Árabes Unidos,Émirats arabes unis,MENA,21.4662899263,6.30355952911
"58",Admin-0 country,"2",Sovereign country,Kingdom of Belgium,"11491346","14",508600,"2017","2011","2016",2. Developed region: nonG7,1. High income: OECD,BE,BE,BEL,BEL,"056","056",BE,BEL,Europe,Europe,Western Europe,Europe & Central Asia,Belgien,Belgium,Bélgica,Belgique,Other,13.4967900316,3.89735083289
"59",Admin-0 country,"2",Sovereign country,Georgia,"4926330","12",37270,"2017","2002","2016",6. Developing region,4. Lower middle income,GG,GE,GEO,GEO,"268","268",GE,GEO,Asia,Asia,Western Asia,Europe & Central Asia,Georgien,Georgia,Georgia,Géorgie,ECA,18.8261686423,7.58022437861
"60",Admin-0 country,"2",Sovereign country,Former Yugoslav Republic of Macedonia,"2103721","12",29520,"2017","2010","2016",6. Developing region,3. Upper middle income,MK,MK,MKD,MKD,"807","807",MK,MKD,Europe,Europe,Southern Europe,Europe & Central Asia,Mazedonien,Republic of Macedonia,República de Macedonia,République de Macédoine,ECA,7.61915187094,2.74144634223
"61",Admin-0 country,"2",Sovereign country,Republic of Albania,"3047987","12",33900,"2017","2001","2016",6. Developing region,4. Lower middle income,AL,AL,ALB,ALB,"008","008",AL,ALB,Europe,Europe,Southern Europe,Europe & Central Asia,Albanien,Albania,Albania,Albanie,ECA,11.050457212,3.03939513242
"62",Admin-0 country,"2",Sovereign country,Republic of Azerbaijan,"9961396","13",167900,"2017","2009","2016",6. Developing region,3. Upper middle income,AJ,AZ,AZE,AZE,"031","031",AZ,AZE,Asia,Asia,Western Asia,Europe & Central Asia,Aserbaidschan,Azerbaijan,Azerbaiyán,Azerbaïdjan,ECA,27.6897085195,9.13544984668
"63",Admin-0 country,"2",Sovereign country,Republic of Kosovo,"1895250","12",18490,"2017","1981","2016",6. Developing region,4. Lower middle income,KV,XK,"-99","-99","-99","-099",KV,KSV,Europe,Europe,Southern Europe,Europe & Central Asia,Kosovo,Kosovo,Kosovo,Kosovo,ECA,5.92591283292,1.19657165855
"64",Admin-0 country,"2",Sovereign country,Republic of Turkey,"80845215","16",1670000,"2017","2000","2016",4. Emerging region: MIKT,3. Upper middle income,TU,TR,TUR,TUR,"792","792",TR,TUR,Asia,Asia,Western Asia,Europe & Central Asia,Türkei,Turkey,Turquía,Turquie,ECA,87.588304986,81.2094475835
"65",Admin-0 country,"2",Sovereign country,Kingdom of Spain,"48958159","15",1690000,"2017","2001","2016",2. Developed region: nonG7,1. High income: OECD,SP,ES,ESP,ESP,"724","724",ES,ESP,Europe,Europe,Southern Europe,Europe & Central Asia,Spanien,Spain,España,Espagne,Other,70.285985349,53.6819282548
"66",Admin-0 country,"2",Sovereign country,Lao People's Democratic Republic,"7126706","13",40960,"2017","2005","2016",7. Least developed region,4. Lower middle income,LA,LA,LAO,LAO,"418","418",LA,LAO,Asia,Asia,South-Eastern Asia,East Asia & Pacific,Laos,Laos,Laos,Laos,EAP,40.5859998809,19.5287002959
"67",Admin-0 country,"2",Sovereign country,Kyrgyz Republic,"5789122","13",21010,"2017","2009","2016",6. Developing region,5. Low income,KG,KG,KGZ,KGZ,"417","417",KG,KGZ,Asia,Asia,Central Asia,Europe & Central Asia,Kirgisistan,Kyrgyzstan,Kirguistán,Kirghizistan,ECA,40.5825665364,21.4488264556
"68",Admin-0 country,"2",Sovereign country,Republic of Armenia,"3045191","12",26300,"2017","2001","2016",6. Developing region,4. Lower middle income,AM,AM,ARM,ARM,"051","051",AM,ARM,Asia,Asia,Western Asia,Europe & Central Asia,Armenien,Armenia,Armenia,Arménie,ECA,12.8064712368,3.13377789517
"69",Admin-0 country,"2",Country,Kingdom of Denmark,"5605948","13",264800,"2017","2011","2016",2. Developed region: nonG7,1. High income: OECD,DA,DK,DNK,DNK,"208","208",DK,DNK,Europe,Europe,Northern Europe,Europe & Central Asia,Dänemark,Denmark,Dinamarca,Danemark,Other,55.7655080631,6.14107378805
"70",Admin-0 country,"2",Sovereign country,Libya,"6653210","13",90890,"2017","2006","2016",6. Developing region,3. Upper middle income,LY,LY,LBY,LBY,"434","434",LY,LBY,Africa,Africa,Northern Africa,Middle East & North Africa,Libyen,Libya,Libia,Libye,MENA,58.1406838029,147.894331827
"71",Admin-0 country,"2",Sovereign country,Republic of Tunisia,"11403800","14",130800,"2017","2004","2016",6. Developing region,3. Upper middle income,TS,TN,TUN,TUN,"788","788",TN,TUN,Africa,Africa,Northern Africa,Middle East & North Africa,Tunesien,Tunisia,Túnez,Tunisie,MENA,27.0986510201,15.3107492723
"72",Admin-0 country,"2",Sovereign country,Romania,"21529967","15",441000,"2017","2011","2016",2. Developed region: nonG7,3. Upper middle income,RO,RO,ROU,ROU,"642","642",RO,ROM,Europe,Europe,Eastern Europe,Europe & Central Asia,Rumänien,Romania,Rumania,Roumanie,ECA,31.5349153436,27.3871816839
"73",Admin-0 country,"2",Sovereign country,Republic of Hungary,"9850845","13",267600,"2017","2001","2016",2. Developed region: nonG7,1. High income: OECD,HU,HU,HUN,HUN,"348","348",HU,HUN,Europe,Europe,Eastern Europe,Europe & Central Asia,Ungarn,Hungary,Hungría,Hongrie,ECA,19.3568659173,11.0570051023
"74",Admin-0 country,"2",Sovereign country,Slovak Republic,"5445829","13",168800,"2017","2011","2016",2. Developed region: nonG7,1. High income: OECD,LO,SK,SVK,SVK,"703","703",SK,SVK,Europe,Europe,Eastern Europe,Europe & Central Asia,Slowakei,Slovakia,Eslovaquia,Slovaquie,ECA,14.9033382999,5.92051689947
"75",Admin-0 country,"2",Sovereign country,Republic of Poland,"38476269","15",1052000,"2017","2011","2016",2. Developed region: nonG7,1. High income: OECD,PL,PL,POL,POL,"616","616",PL,POL,Europe,Europe,Eastern Europe,Europe & Central Asia,Polen,Poland,Polonia,Pologne,ECA,37.8187569487,41.1417725795
"76",Admin-0 country,"2",Sovereign country,Ireland,"5011102","13",322000,"2017","2011","2016",2. Developed region: nonG7,1. High income: OECD,EI,IE,IRL,IRL,"372","372",IE,IRL,Europe,Europe,Northern Europe,Europe & Central Asia,Irland,Ireland,Irlanda,Irlande,Other,48.2420158345,9.33404778328
"77",Admin-0 country,"2",Country,United Kingdom of Great Britain and Northern Ireland,"64769452","16",2788000,"2017","2011","2016",1. Developed region: G7,1. High income: OECD,UK,GB,GBR,GBR,"826","826",GB,GBR,Europe,Europe,Northern Europe,Europe & Central Asia,Vereinigtes Königreich,United Kingdom,Reino Unido,Royaume-Uni,Other,155.614091289,33.5457362073
"78",Admin-0 country,"2",Sovereign country,Hellenic Republic,"10768477","14",290500,"2017","2011","2016",2. Developed region: nonG7,1. High income: OECD,GR,GR,GRC,GRC,"300","300",GR,GRC,Europe,Europe,Southern Europe,Europe & Central Asia,Griechenland,Greece,Grecia,Grèce,Other,108.709390024,13.6742006886
"79",Admin-0 country,"2",Sovereign country,Republic of Zambia,"15972000","14",65170,"2017","2010","2016",7. Least developed region,4. Lower middle income,ZA,ZM,ZMB,ZMB,"894","894",ZM,ZMB,Africa,Africa,Eastern Africa,Sub-Saharan Africa,Sambia,Zambia,Zambia,Zambie,AFR,51.2206126846,62.8156025124
"80",Admin-0 country,"2",Sovereign country,Republic of Sierra Leone,"6163195","13",10640,"2017","2004","2016",7. Least developed region,5. Low income,SL,SL,SLE,SLE,"694","694",SL,SLE,Africa,Africa,Western Africa,Sub-Saharan Africa,Sierra Leone,Sierra Leone,Sierra Leona,Sierra Leone,AFR,16.759111176,5.88208207572
"81",Admin-0 country,"2",Sovereign country,Republic of Guinea,"12413867","14",16080,"2017","1996","2016",7. Least developed region,5. Low income,GV,GN,GIN,GIN,"324","324",GN,GIN,Africa,Africa,Western Africa,Sub-Saharan Africa,Guinea,Guinea,Guinea,Guinée,AFR,36.7021593895,20.176388483
"82",Admin-0 country,"2",Sovereign country,Republic of Liberia,"4689021","12",3881,"2017","2008","2016",7. Least developed region,5. Low income,LI,LR,LBR,LBR,"430","430",LR,LBR,Africa,Africa,Western Africa,Sub-Saharan Africa,Liberia,Liberia,Liberia,Liberia,AFR,17.0236937789,7.79118013669
"83",Admin-0 country,"2",Sovereign country,Central African Republic,"5625118","13",3206,"2017","2003","2016",7. Least developed region,5. Low income,CT,CF,CAF,CAF,"140","140",CF,CAF,Africa,Africa,Middle Africa,Sub-Saharan Africa,Zentralafrikanische Republik,Central African Republic,República Centroafricana,République centrafricaine,AFR,44.6366355383,50.5477020451
"84",Admin-0 country,"2",Sovereign country,Republic of the Sudan,"37345935","15",176300,"2017","2008","2016",6. Developing region,4. Lower middle income,SU,SD,SDN,SDN,"729","729",SD,SDN,Africa,Africa,Northern Africa,Sub-Saharan Africa,Sudan,Sudan,Sudán,Soudan,AFR,67.7697484042,156.205461778
"85",Admin-0 country,"2",Sovereign country,Republic of Djibouti,"865267","11",3345,"2017","2009","2016",7. Least developed region,4. Lower middle income,DJ,DJ,DJI,DJI,"262","262",DJ,DJI,Africa,Africa,Eastern Africa,Middle East & North Africa,Dschibuti,Djibouti,Yibuti,Djibouti,MENA,7.49339765105,1.81197544431
"86",Admin-0 country,"2",Sovereign country,State of Eritrea,"5918919","13",9169,"2017","1984","2016",7. Least developed region,5. Low income,ER,ER,ERI,ERI,"232","232",ER,ERI,Africa,Africa,Eastern Africa,Sub-Saharan Africa,Eritrea,Eritrea,Eritrea,Érythrée,AFR,27.6109275258,10.3161626883
"87",Admin-0 country,"2",Sovereign country,Republic of Austria,"8754413","13",416600,"2017","2011","2016",2. Developed region: nonG7,1. High income: OECD,AU,AT,AUT,AUT,"040","040",AT,AUT,Europe,Europe,Western Europe,Europe & Central Asia,Österreich,Austria,Austria,Autriche,Other,24.1384718106,10.0437084524
"88",Admin-0 country,"2",Sovereign country,Republic of Iraq,"39192111","15",596700,"2017","1997","2016",6. Developing region,4. Lower middle income,IZ,IQ,IRQ,IRQ,"368","368",IQ,IRQ,Asia,Asia,Western Asia,Middle East & North Africa,Irak,Iraq,Irak,Irak,MENA,34.6760125294,42.243983472
"89",Admin-0 country,"2",Sovereign country,Italian Republic,"62137802","16",2221000,"2017","2012","2016",1. Developed region: G7,1. High income: OECD,IT,IT,ITA,ITA,"380","380",IT,ITA,Europe,Europe,Southern Europe,Europe & Central Asia,Italien,Italy,Italia,Italie,Other,80.2067554852,33.1721712396
"90",Admin-0 country,"2",Sovereign country,Swiss Confederation,"8236303","13",496300,"2017","2010","2016",2. Developed region: nonG7,1. High income: OECD,SZ,CH,CHE,CHE,"756","756",CH,CHE,Europe,Europe,Western Europe,Europe & Central Asia,Schweiz,Switzerland,Suiza,Suisse,Other,16.6264071469,4.88262325403
"91",Admin-0 country,"2",Sovereign country,Islamic Republic of Iran,"82021564","16",1459000,"2017","2006","2016",5. Emerging region: G20,3. Upper middle income,IR,IR,IRN,IRN,"364","364",IR,IRN,Asia,Asia,Southern Asia,Middle East & North Africa,Iran,Iran,Irán,Iran,MENA,83.5335291297,156.087982588
"92",Admin-0 country,"2",Sovereign country,Principality of Liechtenstein,"38244","7",4978,"2017","2010","2014",2. Developed region: nonG7,2. High income: nonOECD,LS,LI,LIE,LIE,"438","438",LI,LIE,Europe,Europe,Western Europe,Europe & Central Asia,Liechtenstein,Liechtenstein,Liechtenstein,Liechtenstein,Other,0.61538029054,0.01627426794
"93",Admin-0 country,"2",Sovereign country,Republic of Ivory Coast,"24184810","15",87120,"2017","1998","2016",6. Developing region,4. Lower middle income,IV,CI,CIV,CIV,"384","384",CI,CIV,Africa,Africa,Western Africa,Sub-Saharan Africa,Elfenbeinküste,Ivory Coast,Costa de Marfil,Côte d'Ivoire,AFR,36.2819679134,26.2871187176
"94",Admin-0 country,"2",Sovereign country,Republic of Serbia,"7111024","13",101800,"2017","2011","2016",6. Developing region,3. Upper middle income,RI,RS,SRB,SRB,"688","688",YF,SRB,Europe,Europe,Southern Europe,Europe & Central Asia,Serbien,Serbia,Serbia,Serbie,ECA,20.5886722918,8.73788346147
"95",Admin-0 country,"2",Sovereign country,Republic of Mali,"17885245","14",38090,"2017","2009","2016",7. Least developed region,5. Low income,ML,ML,MLI,MLI,"466","466",ML,MLI,Africa,Africa,Western Africa,Sub-Saharan Africa,Mali,Mali,Malí,Mali,AFR,66.6987944694,106.682411546
"96",Admin-0 country,"2",Sovereign country,Republic of Senegal,"14668522","14",39720,"2017","2002","2016",7. Least developed region,4. Lower middle income,SG,SN,SEN,SEN,"686","686",SN,SEN,Africa,Africa,Western Africa,Sub-Saharan Africa,Senegal,Senegal,Senegal,Sénégal,AFR,34.3183639382,16.4456689334
"97",Admin-0 country,"2",Sovereign country,Federal Republic of Nigeria,"190632261","17",1089000,"2017","2006","2016",5. Emerging region: G20,4. Lower middle income,NI,NG,NGA,NGA,"566","566",NG,NGA,Africa,Africa,Western Africa,Sub-Saharan Africa,Nigeria,Nigeria,Nigeria,Nigeria,AFR,54.8038897478,74.8030661887
"98",Admin-0 country,"2",Sovereign country,Republic of Benin,"11038805","14",24310,"2017","2002","2016",7. Least developed region,5. Low income,BN,BJ,BEN,BEN,"204","204",BJ,BEN,Africa,Africa,Western Africa,Sub-Saharan Africa,Benin,Benin,Benín,Bénin,AFR,18.1043122105,9.56811236918
"99",Admin-0 country,"2",Sovereign country,People's Republic of Angola,"29310273","15",189000,"2017","1970","2016",7. Least developed region,3. Upper middle income,AO,AO,AGO,AGO,"024","024",AO,AGO,Africa,Africa,Middle Africa,Sub-Saharan Africa,Angola,Angola,Angola,Angola,AFR,61.8290450109,103.585467128
"100",Admin-0 country,"2",Sovereign country,Republic of Croatia,"4292095","12",94240,"2017","2011","2016",2. Developed region: nonG7,2. High income: nonOECD,HR,HR,HRV,HRV,"191","191",HR,HRV,Europe,Europe,Southern Europe,Europe & Central Asia,Kroatien,Croatia,Croacia,Croatie,ECA,49.3088251014,6.29375112589
"101",Admin-0 country,"2",Sovereign country,Republic of Slovenia,"1972126","12",68350,"2017","2011","2016",2. Developed region: nonG7,1. High income: OECD,SI,SI,SVN,SVN,"705","705",SI,SVN,Europe,Europe,Southern Europe,Europe & Central Asia,Slowenien,Slovenia,Eslovenia,Slovénie,ECA,10.7351450281,2.36579588969
"102",Admin-0 country,"2",Sovereign country,State of Qatar,"2314307","12",334500,"2017","2010","2016",6. Developing region,2. High income: nonOECD,QA,QA,QAT,QAT,"634","634",QA,QAT,Asia,Asia,Western Asia,Middle East & North Africa,Katar,Qatar,Catar,Qatar,MENA,5.56116614022,0.99963223474
"103",Admin-0 country,"2",Sovereign country,Kingdom of Saudi Arabia,"28571770","15",1731000,"2017","2010","2016",2. Developed region: nonG7,2. High income: nonOECD,SA,SA,SAU,SAU,"682","682",SA,SAU,Asia,Asia,Western Asia,Middle East & North Africa,Saudi-Arabien,Saudi Arabia,Arabia Saudita,Arabie saoudite,MENA,77.7364419418,171.015757112
"104",Admin-0 country,"2",Sovereign country,Republic of Botswana,"2214858","12",35900,"2017","2011","2016",6. Developing region,3. Upper middle income,BC,BW,BWA,BWA,"072","072",BW,BWA,Africa,Africa,Southern Africa,Sub-Saharan Africa,Botswana,Botswana,Botsuana,Botswana,AFR,35.0786784469,50.7393482994
"105",Admin-0 country,"2",Sovereign country,Republic of Zimbabwe,"13805084","14",28330,"2017","2002","2016",5. Emerging region: G20,5. Low income,ZI,ZW,ZWE,ZWE,"716","716",ZW,ZWE,Africa,Africa,Eastern Africa,Sub-Saharan Africa,Simbabwe,Zimbabwe,Zimbabue,Zimbabwe,AFR,26.9081861647,33.4185830863
"106",Admin-0 country,"2",Sovereign country,Republic of Bulgaria,"7101510","13",143100,"2017","2011","2016",2. Developed region: nonG7,3. Upper middle income,BU,BG,BGR,BGR,"100","100",BG,BGR,Europe,Europe,Eastern Europe,Europe & Central Asia,Bulgarien,Bulgaria,Bulgaria,Bulgarie,ECA,21.56978006,12.4028510156
"107",Admin-0 country,"2",Sovereign country,Kingdom of Thailand,"68414135","16",1161000,"2017","2010","2016",5. Emerging region: G20,3. Upper middle income,TH,TH,THA,THA,"764","764",TH,THA,Asia,Asia,South-Eastern Asia,East Asia & Pacific,Thailand,Thailand,Tailandia,Thaïlande,EAP,76.7490233195,43.3239019001
"108",Admin-0 country,"2",Sovereign country,Republic of San Marino,"33537","7",2023,"2017","2010","2016",2. Developed region: nonG7,2. High income: nonOECD,SM,SM,SMR,SMR,"674","674",SM,SMR,Europe,Europe,Southern Europe,Europe & Central Asia,San Marino,San Marino,San Marino,Saint-Marin,Other,0.31029238268,0.00676104694
"109",Admin-0 country,"2",Sovereign country,Republic of Haiti,"10646714","14",19340,"2017","2003","2016",7. Least developed region,5. Low income,HA,HT,HTI,HTI,"332","332",HT,HTI,North America,Americas,Caribbean,Latin America & Caribbean,Haiti,Haiti,Haití,Haïti,LCR,16.210866708,2.30656996212
"110",Admin-0 country,"2",Sovereign country,Dominican Republic,"10734247","14",161900,"2017","2010","2016",6. Developing region,3. Upper middle income,DR,DO,DOM,DOM,"214","214",DO,DOM,North America,Americas,Caribbean,Latin America & Caribbean,Dominikanische Republik,Dominican Republic,República Dominicana,République dominicaine,LCR,14.4488853726,4.15377012423
"111",Admin-0 country,"2",Sovereign country,Republic of Chad,"12075985","14",30590,"2017","2009","2016",7. Least developed region,5. Low income,CD,TD,TCD,TCD,"148","148",TD,TCD,Africa,Africa,Middle Africa,Sub-Saharan Africa,Tschad,Chad,Chad,Tchad,AFR,53.1017330253,106.807562756
"112",Admin-0 country,"2",Sovereign country,State of Kuwait,"2875422","12",301100,"2017","2010","2016",6. Developing region,2. High income: nonOECD,KU,KW,KWT,KWT,"414","414",KW,KWT,Asia,Asia,Western Asia,Middle East & North Africa,Kuwait,Kuwait,Kuwait,Koweït,MENA,8.7998033323,1.62327676539
"113",Admin-0 country,"2",Sovereign country,Republic of El Salvador,"6172011","13",54790,"2017","2007","2016",6. Developing region,4. Lower middle income,ES,SV,SLV,SLV,"222","222",SV,SLV,North America,Americas,Central America,Latin America & Caribbean,El Salvador,El Salvador,El Salvador,Salvador,LCR,8.55787583023,1.71649151916
"114",Admin-0 country,"2",Sovereign country,Republic of Guatemala,"15460732","14",131800,"2017","2002","2016",6. Developing region,4. Lower middle income,GT,GT,GTM,GTM,"320","320",GT,GTM,North America,Americas,Central America,Latin America & Caribbean,Guatemala,Guatemala,Guatemala,Guatemala,LCR,17.7479339548,9.17482202899
"115",Admin-0 country,"2",Sovereign country,Democratic Republic of Timor-Leste,"1291358","12",4975,"2017","2010","2016",7. Least developed region,4. Lower middle income,TT,TL,TLS,TLS,"626","626",TP,TMP,Asia,Asia,South-Eastern Asia,East Asia & Pacific,Osttimor,East Timor,Timor Oriental,Timor oriental,EAP,8.25350522324,1.23958664177
"116",Admin-0 country,"2",Sovereign country,Negara Brunei Darussalam,"443593","10",33730,"2017","2001","2016",6. Developing region,2. High income: nonOECD,BX,BN,BRN,BRN,"096","096",BN,BRN,Asia,Asia,South-Eastern Asia,East Asia & Pacific,Brunei,Brunei,Brunéi,Brunei,Other,5.27060270304,0.46583653575
"117",Admin-0 country,"2",Sovereign country,Principality of Monaco,"30645","7",7672,"2017","2008","2015",2. Developed region: nonG7,2. High income: nonOECD,MN,MC,MCO,MCO,"492","492",MC,MCO,Europe,Europe,Western Europe,Europe & Central Asia,Monaco,Monaco,Mónaco,Monaco,Other,0.18210825917,0.00210490918
"118",Admin-0 country,"2",Sovereign country,People's Democratic Republic of Algeria,"40969443","15",609400,"2017","2008","2016",6. Developing region,3. Upper middle income,AG,DZ,DZA,DZA,"012","012",DZ,DZA,Africa,Africa,Northern Africa,Middle East & North Africa,Algerien,Algeria,Argelia,Algérie,MENA,71.6416869219,212.690940594
"119",Admin-0 country,"2",Sovereign country,Republic of Mozambique,"26573706","15",35010,"2017","2007","2016",7. Least developed region,5. Low income,MZ,MZ,MOZ,MOZ,"508","508",MZ,MOZ,Africa,Africa,Eastern Africa,Sub-Saharan Africa,Mosambik,Mozambique,Mozambique,Mozambique,AFR,75.8277441431,67.1597369386
"120",Admin-0 country,"2",Sovereign country,Kingdom of eSwatini,"1467152","12",11060,"2017","2007","2016",6. Developing region,4. Lower middle income,WZ,SZ,SWZ,SWZ,"748","748",SZ,SWZ,Africa,Africa,Southern Africa,Sub-Saharan Africa,Swasiland,eSwatini,eSwatini,Swaziland,AFR,5.06918576565,1.55010923303
"121",Admin-0 country,"2",Sovereign country,Republic of Burundi,"11466756","14",7892,"2017","2008","2016",7. Least developed region,5. Low income,BY,BI,BDI,BDI,"108","108",BI,BDI,Africa,Africa,Eastern Africa,Sub-Saharan Africa,Burundi,Burundi,Burundi,Burundi,AFR,8.08161325029,2.20061379274
"122",Admin-0 country,"2",Sovereign country,Republic of Rwanda,"11901484","14",21970,"2017","2002","2016",7. Least developed region,5. Low income,RW,RW,RWA,RWA,"646","646",RW,RWA,Africa,Africa,Eastern Africa,Sub-Saharan Africa,Ruanda,Rwanda,Ruanda,Rwanda,AFR,7.41458013864,2.0570614611
"123",Admin-0 country,"2",Sovereign country,Republic of the Union of Myanmar,"55123814","16",311100,"2017","1983","2016",7. Least developed region,5. Low income,BM,MM,MMR,MMR,"104","104",MM,MMR,Asia,Asia,South-Eastern Asia,East Asia & Pacific,Myanmar,Myanmar,Birmania,Birmanie,EAP,106.244596583,57.784528848
"124",Admin-0 country,"2",Sovereign country,People's Republic of Bangladesh,"157826578","17",628400,"2017","2011","2016",7. Least developed region,5. Low income,BG,BD,BGD,BGD,"050","050",BD,BGD,Asia,Asia,Southern Asia,South Asia,Bangladesch,Bangladesh,Bangladés,Bangladesh,SOA,53.187135259,12.1362447814
"125",Admin-0 country,"2",Sovereign country,Principality of Andorra,"85702","8",3327,"2017","1989","2015",2. Developed region: nonG7,2. High income: nonOECD,AN,AD,AND,AND,"020","020",AD,ADO,Europe,Europe,Southern Europe,Europe & Central Asia,Andorra,Andorra,Andorra,Andorre,Other,1.05795317667,0.04956073449
"126",Admin-0 country,"2",Sovereign country,Islamic State of Afghanistan,"34124811","15",64080,"2017","1979","2016",7. Least developed region,5. Low income,AF,AF,AFG,AFG,"004","004",AF,AFG,Asia,Asia,Southern Asia,South Asia,Afghanistan,Afghanistan,Afganistán,Afghanistan,SOA,52.7658270687,62.5916641659
"127",Admin-0 country,"2",Sovereign country,Montenegro,"642550","11",10610,"2017","2011","2016",6. Developing region,3. Upper middle income,MJ,ME,MNE,MNE,"499","499",ME,MNE,Europe,Europe,Southern Europe,Europe & Central Asia,Montenegro,Montenegro,Montenegro,Monténégro,ECA,7.91053754493,1.51025454637
"128",Admin-0 country,"2",Sovereign country,Bosnia and Herzegovina,"3856181","12",42530,"2017","1991","2016",6. Developing region,3. Upper middle income,BK,BA,BIH,BIH,"070","070",BA,BIH,Europe,Europe,Southern Europe,Europe & Central Asia,Bosnien und Herzegowina,Bosnia and Herzegovina,Bosnia y Herzegovina,Bosnie-Herzégovine,ECA,14.19161671,5.83247037578
"129",Admin-0 country,"2",Sovereign country,Republic of Uganda,"39570125","15",84930,"2017","2002","2016",7. Least developed region,5. Low income,UG,UG,UGA,UGA,"800","800",UG,UGA,Africa,Africa,Eastern Africa,Sub-Saharan Africa,Uganda,Uganda,Uganda,Ouganda,AFR,21.954985122,19.6587802347
"130",Admin-0 country,"2",Lease,,"7000","5",280,"1999","-99","1999",2. Developed region: nonG7,2. High income: nonOECD,"-99","-99","-99","-99","-99","-099","-99",USA,North America,Americas,Caribbean,Latin America & Caribbean,Guantanamo Bay Naval Base,Guantanamo Bay Naval Base,Base Naval de la Bahía de Guantánamo,base navale de la baie de Guantánamo,Other,0.65774150311,0.00563878243
"131",Admin-0 country,"2",Sovereign country,Republic of Cuba,"11147407","14",132900,"2017","2002","2016",5. Emerging region: G20,3. Upper middle income,CU,CU,CUB,CUB,"192","192",CU,CUB,North America,Americas,Caribbean,Latin America & Caribbean,Kuba,Cuba,Cuba,Cuba,Other,54.1624784452,9.59075594912
"132",Admin-0 country,"2",Sovereign country,Republic of Honduras,"9038741","13",43190,"2017","2001","2016",6. Developing region,4. Lower middle income,HO,HN,HND,HND,"340","340",HN,HND,North America,Americas,Central America,Latin America & Caribbean,Honduras,Honduras,Honduras,Honduras,LCR,25.8913276813,9.42431796393
"133",Admin-0 country,"2",Sovereign country,Republic of Ecuador,"16290913","14",182400,"2017","2010","2016",6. Developing region,3. Upper middle income,EC,EC,ECU,ECU,"218","218",EC,ECU,South America,Americas,South America,Latin America & Caribbean,Ecuador,Ecuador,Ecuador,Équateur,LCR,39.67945616,20.7296208692
"134",Admin-0 country,"2",Sovereign country,Republic of Colombia,"47698524","15",688000,"2017","2006","2016",6. Developing region,3. Upper middle income,CO,CO,COL,COL,"170","170",CO,COL,South America,Americas,South America,Latin America & Caribbean,Kolumbien,Colombia,Colombia,Colombie,LCR,82.0160746871,92.5765038987
"135",Admin-0 country,"2",Sovereign country,Republic of Paraguay,"6943739","13",64670,"2017","2002","2016",5. Emerging region: G20,4. Lower middle income,PA,PY,PRY,PRY,"600","600",PY,PRY,South America,Americas,South America,Latin America & Caribbean,Paraguay,Paraguay,Paraguay,Paraguay,LCR,32.8729516436,35.303393593
"136",Admin-0 country,"2",Sovereign country,Portuguese Republic,"10839514","14",297100,"2017","2011","2016",2. Developed region: nonG7,1. High income: OECD,PO,PT,PRT,PRT,"620","620",PT,PRT,Europe,Europe,Southern Europe,Europe & Central Asia,Portugal,Portugal,Portugal,Portugal,Other,32.7585840927,9.58526335838
"137",Admin-0 country,"2",Sovereign country,Republic of Moldova,"3474121","12",18540,"2017","2004","2016",6. Developing region,4. Lower middle income,MD,MD,MDA,MDA,"498","498",MD,MDA,Europe,Europe,Eastern Europe,Europe & Central Asia,Republik Moldau,Moldova,Moldavia,Moldavie,ECA,14.3940702942,3.94190083247
"138",Admin-0 country,"2",Sovereign country,Turkmenistan,"5351277","13",94720,"2017","1995","2016",6. Developing region,3. Upper middle income,TX,TM,TKM,TKM,"795","795",TM,TKM,Asia,Asia,Central Asia,Europe & Central Asia,Turkmenistan,Turkmenistan,Turkmenistán,Turkménistan,ECA,57.7058320201,49.0592931429
"139",Admin-0 country,"2",Sovereign country,Hashemite Kingdom of Jordan,"10248069","14",86190,"2017","2004","2016",6. Developing region,3. Upper middle income,JO,JO,JOR,JOR,"400","400",JO,JOR,Asia,Asia,Western Asia,Middle East & North Africa,Jordanien,Jordan,Jordania,Jordanie,MENA,16.529986686,8.41506377517
"140",Admin-0 country,"2",Sovereign country,Nepal,"29384297","15",71520,"2017","2001","2016",7. Least developed region,5. Low income,NP,NP,NPL,NPL,"524","524",NP,NPL,Asia,Asia,Southern Asia,South Asia,Nepal,Nepal,Nepal,Népal,SOA,25.1124984871,13.5278467961
"141",Admin-0 country,"2",Sovereign country,Kingdom of Lesotho,"1958042","12",6019,"2017","2006","2016",7. Least developed region,4. Lower middle income,LT,LS,LSO,LSO,"426","426",LS,LSO,Africa,Africa,Southern Africa,Sub-Saharan Africa,Lesotho,Lesotho,Lesoto,Lesotho,AFR,7.61084021326,2.80334027748
"142",Admin-0 country,"2",Sovereign country,Republic of Cameroon,"24994885","15",77240,"2017","2005","2016",6. Developing region,4. Lower middle income,CM,CM,CMR,CMR,"120","120",CM,CMR,Africa,Africa,Middle Africa,Sub-Saharan Africa,Kamerun,Cameroon,Camerún,Cameroun,AFR,46.0056572903,37.9375707929
"143",Admin-0 country,"2",Sovereign country,Gabonese Republic,"1772255","12",35980,"2017","2003","2016",6. Developing region,3. Upper middle income,GB,GA,GAB,GAB,"266","266",GA,GAB,Africa,Africa,Middle Africa,Sub-Saharan Africa,Gabun,Gabon,Gabón,Gabon,AFR,37.1758626144,21.126977018
"144",Admin-0 country,"2",Sovereign country,Republic of Niger,"19245344","14",20150,"2017","2001","2016",7. Least developed region,5. Low income,NG,NE,NER,NER,"562","562",NE,NER,Africa,Africa,Western Africa,Sub-Saharan Africa,Niger,Niger,Níger,Niger,AFR,51.5544846235,100.57330732
"145",Admin-0 country,"2",Sovereign country,Burkina Faso,"20107509","15",32990,"2017","2006","2016",7. Least developed region,5. Low income,UV,BF,BFA,BFA,"854","854",BF,BFA,Africa,Africa,Western Africa,Sub-Saharan Africa,Burkina Faso,Burkina Faso,Burkina Faso,Burkina Faso,AFR,29.865507017,22.6690456724
"146",Admin-0 country,"2",Sovereign country,Togolese Republic,"7965055","13",11610,"2017","2010","2016",7. Least developed region,5. Low income,TO,TG,TGO,TGO,"768","768",TG,TGO,Africa,Africa,Western Africa,Sub-Saharan Africa,Togo,Togo,Togo,Togo,AFR,14.9738120657,4.6711391089
"147",Admin-0 country,"2",Sovereign country,Republic of Ghana,"27499924","15",120800,"2017","2010","2016",6. Developing region,4. Lower middle income,GH,GH,GHA,GHA,"288","288",GH,GHA,Africa,Africa,Western Africa,Sub-Saharan Africa,Ghana,Ghana,Ghana,Ghana,AFR,23.3645254574,19.58114282
"148",Admin-0 country,"2",Sovereign country,Republic of Guinea-Bissau,"1792338","12",2851,"2017","2009","2016",7. Least developed region,5. Low income,PU,GW,GNB,GNB,"624","624",GW,GNB,Africa,Africa,Western Africa,Sub-Saharan Africa,Guinea-Bissau,Guinea-Bissau,Guinea-Bisáu,Guinée-Bissau,AFR,23.7409246443,2.7253983582
"149",Admin-0 country,"2",Dependency,,"29396","7",2044,"2017","-99","2014",2. Developed region: nonG7,1. High income: OECD,GI,GI,GIB,GIB,"292","292","-99",GIB,Europe,Europe,Southern Europe,Europe & Central Asia,Gibraltar,Gibraltar,Gibraltar,Gibraltar,Other,0.08599869159,0.0003696757
"150",Admin-0 country,"2",Country,United States of America,"326625791","17",18560000,"2017","2010","2016",1. Developed region: G7,1. High income: OECD,US,US,USA,USA,"840","840",US,USA,North America,Americas,Northern America,North America,Vereinigte Staaten,United States of America,Estados Unidos,États-Unis,Other,948.724318782,1116.36176133
"151",Admin-0 country,"2",Sovereign country,Canada,"35623680","15",1674000,"2017","2011","2016",1. Developed region: G7,1. High income: OECD,CA,CA,CAN,CAN,"124","124",CA,CAN,North America,Americas,Northern America,North America,Kanada,Canada,Canadá,Canada,Other,2573.71248421,1691.86907643
"152",Admin-0 country,"2",Sovereign country,United Mexican States,"124574795","17",2307000,"2017","2010","2016",4. Emerging region: MIKT,3. Upper middle income,MX,MX,MEX,MEX,"484","484",MX,MEX,North America,Americas,Central America,Latin America & Caribbean,Mexiko,Mexico,México,Mexique,LCR,182.06621312,174.202021288
"153",Admin-0 country,"2",Sovereign country,Belize,"360346","10",3088,"2017","2010","2016",6. Developing region,4. Lower middle income,BH,BZ,BLZ,BLZ,"084","084",BZ,BLZ,North America,Americas,Central America,Latin America & Caribbean,Belize,Belize,Belice,Belize,LCR,10.8562881979,1.89441426951
"154",Admin-0 country,"2",Sovereign country,Republic of Panama,"3753142","12",93120,"2017","2010","2016",6. Developing region,3. Upper middle income,PM,PA,PAN,PAN,"591","591",PA,PAN,North America,Americas,Central America,Latin America & Caribbean,Panama,Panama,Panamá,Panama,LCR,35.6403996214,6.12087081104
"155",Admin-0 country,"2",Sovereign country,Bolivarian Republic of Venezuela,"31304016","15",468600,"2017","2001","2016",5. Emerging region: G20,3. Upper middle income,VE,VE,VEN,VEN,"862","862",VE,VEN,South America,Americas,South America,Latin America & Caribbean,Venezuela,Venezuela,Venezuela,Venezuela,LCR,88.9354071103,74.7787399104
"156",Admin-0 country,"2",Sovereign country,Independent State of Papua New Guinea,"6909701","13",28020,"2017","2000","2016",6. Developing region,4. Lower middle income,PP,PG,PNG,PNG,"598","598",PG,PNG,Oceania,Oceania,Melanesia,East Asia & Pacific,Papua-Neuguinea,Papua New Guinea,Papúa Nueva Guinea,Papouasie-Nouvelle-Guinée,EAP,108.308260261,38.0436676545
"157",Admin-0 country,"2",Sovereign country,Arab Republic of Egypt,"97041072","16",1105000,"2017","2006","2016",5. Emerging region: G20,4. Lower middle income,EG,EG,EGY,EGY,"818","818",EG,EGY,Africa,Africa,Northern Africa,Middle East & North Africa,Ägypten,Egypt,Egipto,Égypte,MENA,61.1592880444,90.7319263477
"158",Admin-0 country,"2",Sovereign country,Republic of Yemen,"28036829","15",73450,"2017","2004","2016",7. Least developed region,4. Lower middle income,YM,YE,YEM,YEM,"887","887",RY,YEM,Asia,Asia,Western Asia,Middle East & North Africa,Jemen,Yemen,Yemen,Yémen,MENA,37.305421664,38.2467016379
"159",Admin-0 country,"2",Sovereign country,Islamic Republic of Mauritania,"3758571","12",16710,"2017","2000","2016",7. Least developed region,5. Low income,MR,MR,MRT,MRT,"478","478",MR,MRT,Africa,Africa,Western Africa,Sub-Saharan Africa,Mauretanien,Mauritania,Mauritania,Mauritanie,AFR,54.8572439633,89.7218931241
"160",Admin-0 country,"2",Sovereign country,Republic of Equatorial Guinea,"778358","11",31770,"2017","2002","2016",7. Least developed region,2. High income: nonOECD,EK,GQ,GNQ,GNQ,"226","226",GQ,GNQ,Africa,Africa,Middle Africa,Sub-Saharan Africa,Äquatorialguinea,Equatorial Guinea,Guinea Ecuatorial,Guinée équatoriale,AFR,8.85692075037,2.16788281555
"161",Admin-0 country,"2",Sovereign country,Republic of the Gambia,"2051363","12",3387,"2017","2003","2016",7. Least developed region,5. Low income,GA,GM,GMB,GMB,"270","270",GM,GMB,Africa,Africa,Western Africa,Sub-Saharan Africa,Gambia,The Gambia,Gambia,Gambie,AFR,11.2693999007,0.87654179739
"162",Admin-0 country,"2",Country,"Hong Kong Special Administrative Region, PRC","7191503","13",427400,"2017","2006","2016",6. Developing region,2. High income: nonOECD,HK,HK,HKG,HKG,"344","344",HK,HKG,Asia,Asia,Eastern Asia,East Asia & Pacific,Hongkong,Hong Kong,Hong Kong,Hong Kong,EAP,4.25497337157,0.09086578181
"163",Admin-0 country,"2",Sovereign country,State of the Vatican City,"1000","3",0,"2015","-99","0",2. Developed region: nonG7,2. High income: nonOECD,VT,VA,VAT,VAT,"336","336","-99",VAT,Europe,Europe,Southern Europe,Europe & Central Asia,Vatikanstadt,Vatican City,Ciudad del Vaticano,Vatican,Other,0.0044314953,1.32416e-06
"164",Admin-0 country,"2",Country,Commonwealth of Australia,"23232413","15",1189000,"2017","2006","2016",2. Developed region: nonG7,1. High income: OECD,AS,AU,AUS,AUS,"036","036",AU,AUS,Oceania,Oceania,Australia and New Zealand,East Asia & Pacific,Australien,Australia,Australia,Australie,Other,322.967284472,695.909318279
"165",Admin-0 country,"2",Country,Greenland,"57713","8",2173,"2017","2010","2015",2. Developed region: nonG7,2. High income: nonOECD,GL,GL,GRL,GRL,"304","304",GL,GRL,North America,Americas,Northern America,Europe & Central Asia,Grönland,Greenland,Groenlandia,Groenland,Other,1003.53617671,659.87745176
"166",Admin-0 country,"2",Sovereign country,Republic of Fiji,"920938","11",8374,"2017","2007","2016",6. Developing region,4. Lower middle income,FJ,FJ,FJI,FJI,"242","242",FJ,FJI,Oceania,Oceania,Melanesia,East Asia & Pacific,Fidschi,Fiji,Fiyi,Fidji,EAP,24.0827537327,1.61025023655
"167",Admin-0 country,"2",Dependency,New Caledonia,"279070","10",10770,"2017","2009","2016",6. Developing region,2. High income: nonOECD,NC,NC,NCL,NCL,"540","540",NC,NCL,Oceania,Oceania,Melanesia,East Asia & Pacific,Neukaledonien,New Caledonia,Nueva Caledonia,Nouvelle-Calédonie,Other,17.6169111062,1.64011412356
"168",Admin-0 country,"2",Sovereign country,Republic of Madagascar,"25054161","15",36860,"2017","1993","2016",7. Least developed region,5. Low income,MA,MG,MDG,MDG,"450","450",MG,MDG,Africa,Africa,Eastern Africa,Sub-Saharan Africa,Madagaskar,Madagascar,Madagascar,Madagascar,AFR,49.8304320814,51.0696834432
"169",Admin-0 country,"2",Sovereign country,Republic of the Philippines,"104256076","17",801900,"2017","2010","2016",5. Emerging region: G20,4. Lower middle income,RP,PH,PHL,PHL,"608","608",PH,PHL,Asia,Asia,South-Eastern Asia,East Asia & Pacific,Philippinen,Philippines,Filipinas,Philippines,EAP,157.222906592,24.3712212355
"170",Admin-0 country,"2",Sovereign country,Democratic Socialist Republic of Sri Lanka,"22409381","15",236700,"2017","2001","2016",6. Developing region,4. Lower middle income,CE,LK,LKA,LKA,"144","144",LK,LKA,Asia,Asia,Southern Asia,South Asia,Sri Lanka,Sri Lanka,Sri Lanka,Sri Lanka,SOA,17.956902878,5.43287320052
"171",Admin-0 country,"2",Country,Curaçao,"149648","9",3128,"2017","-99","2012",6. Developing region,2. High income: nonOECD,NT,CW,CUW,CUW,"531","531",CW,CUW,North America,Americas,Caribbean,Latin America & Caribbean,Curaçao,Curaçao,Curazao,Curaçao,Other,1.20704004267,0.03847999279
"172",Admin-0 country,"2",Country,Aruba,"115120","9",2516,"2017","2010","2009",6. Developing region,2. High income: nonOECD,AA,AW,ABW,ABW,"533","533",AW,ABW,North America,Americas,Caribbean,Latin America & Caribbean,Aruba,Aruba,Aruba,Aruba,Other,0.65236708832,0.01411887915
"173",Admin-0 country,"2",Sovereign country,Commonwealth of the Bahamas,"329988","10",9066,"2017","2010","2016",6. Developing region,2. High income: nonOECD,BF,BS,BHS,BHS,"044","044",BS,BHS,North America,Americas,Caribbean,Latin America & Caribbean,Bahamas,The Bahamas,Bahamas,Bahamas,LCR,35.7368194196,1.11974956069
"174",Admin-0 country,"2",Dependency,Turks and Caicos Islands,"52570","8",632,"2017","2001","2007",6. Developing region,2. High income: nonOECD,TK,TC,TCA,TCA,"796","796",TC,TCA,North America,Americas,Caribbean,Latin America & Caribbean,Turks- und Caicosinseln,Turks and Caicos Islands,Islas Turcas y Caicos,îles Turques-et-Caïques,Other,3.45622463057,0.03887835896
"175",Admin-0 country,"2",Sovereign country,Japan,"126451398","17",4932000,"2017","2010","2016",1. Developed region: G7,1. High income: OECD,JA,JP,JPN,JPN,"392","392",JP,JPN,Asia,Asia,Eastern Asia,East Asia & Pacific,Japan,Japan,Japón,Japon,Other,155.113996542,38.1713826404
"176",Admin-0 country,"2",Dependency,Saint Pierre and Miquelon,"5533","5",215.3,"2017","-99","2016",2. Developed region: nonG7,3. Upper middle income,SB,PM,SPM,SPM,"666","666","-99",SPM,North America,Americas,Northern America,North America,Saint-Pierre und Miquelon,Saint Pierre and Miquelon,San Pedro y Miquelón,Saint-Pierre-et-Miquelon,Other,1.44063878893,0.02867436993
"177",Admin-0 country,"2",Sovereign country,Republic of Iceland,"339747","10",16150,"2017","-99","2016",2. Developed region: nonG7,1. High income: OECD,IC,IS,ISL,ISL,"352","352",IS,ISL,Europe,Europe,Northern Europe,Europe & Central Asia,Island,Iceland,Islandia,Islande,Other,83.0505855279,19.4672311393
"178",Admin-0 country,"2",Dependency,"Pitcairn, Henderson, Ducie and Oeno Islands","54","1",0,"2016","-99","2016",7. Least developed region,5. Low income,PC,PN,PCN,PCN,"612","612","-99",PCN,Oceania,Oceania,Polynesia,East Asia & Pacific,Pitcairninseln,Pitcairn Islands,Islas Pitcairn,Îles Pitcairn,Other,0.39031787343,0.00378930898
"179",Admin-0 country,"2",Dependency,French Polynesia,"287881","10",5490,"2017","2007","2016",6. Developing region,2. High income: nonOECD,FP,PF,PYF,PYF,"258","258",PF,PYF,Oceania,Oceania,Polynesia,East Asia & Pacific,Französisch-Polynesien,French Polynesia,Polinesia Francesa,Polynésie française,Other,20.2173644163,0.28139214354
"180",Admin-0 country,"2",Dependency,Territory of the French Southern and Antarctic Lands,"140","1",16,"2017","-99","2016",6. Developing region,2. High income: nonOECD,FS,TF,ATF,ATF,"260","-099","-99",ATF,Seven seas (open ocean),Seven seas (open ocean),Seven seas (open ocean),Sub-Saharan Africa,Französische Süd- und Antarktisgebiete,French Southern and Antarctic Lands,Tierras Australes y Antárticas Francesas,Terres australes et antarctiques françaises,Other,17.9401597486,0.89628637081
"181",Admin-0 country,"2",Sovereign country,Republic of Seychelles,"93920","8",2608,"2017","2010","2016",6. Developing region,3. Upper middle income,SE,SC,SYC,SYC,"690","690",SC,SYC,Seven seas (open ocean),Africa,Eastern Africa,Sub-Saharan Africa,Seychellen,Seychelles,Seychelles,Seychelles,AFR,3.53365259647,0.03564479451
"182",Admin-0 country,"2",Sovereign country,Republic of Kiribati,"108145","9",211,"2017","2005","2016",7. Least developed region,4. Lower middle income,KR,KI,KIR,KIR,"296","296",KI,KIR,Oceania,Oceania,Micronesia,East Asia & Pacific,Kiribati,Kiribati,Kiribati,Kiribati,EAP,10.4885569276,0.0772676997
"183",Admin-0 country,"2",Sovereign country,Republic of the Marshall Islands,"74539","8",180,"2017","2011","2016",6. Developing region,4. Lower middle income,RM,MH,MHL,MHL,"584","584",MH,MHL,Oceania,Oceania,Micronesia,East Asia & Pacific,Marshallinseln,Marshall Islands,Islas Marshall,îles Marshall,EAP,3.6748700286,0.01349553475
"184",Admin-0 country,"2",Sovereign country,Republic of Trinidad and Tobago,"1218208","12",43570,"2017","2011","2016",6. Developing region,2. High income: nonOECD,TD,TT,TTO,TTO,"780","780",TT,TTO,North America,Americas,Caribbean,Latin America & Caribbean,Trinidad und Tobago,Trinidad and Tobago,Trinidad y Tobago,Trinité-et-Tobago,LCR,4.66253815083,0.42305392296
"185",Admin-0 country,"2",Sovereign country,Grenada,"111724","9",1511,"2017","2011","2016",6. Developing region,3. Upper middle income,GJ,GD,GRD,GRD,"308","308",GD,GRD,North America,Americas,Caribbean,Latin America & Caribbean,Grenada,Grenada,Granada,Grenade,LCR,1.03769239296,0.0288414599
"186",Admin-0 country,"2",Sovereign country,Saint Vincent and the Grenadines,"102089","9",1241,"2017","2011","2016",6. Developing region,3. Upper middle income,VC,VC,VCT,VCT,"670","670",VC,VCT,North America,Americas,Caribbean,Latin America & Caribbean,St. Vincent und die Grenadinen,Saint Vincent and the Grenadines,San Vicente y las Granadinas,Saint-Vincent-et-les-Grenadines,LCR,1.22852448379,0.03066591183
"187",Admin-0 country,"2",Sovereign country,Barbados,"292336","10",4804,"2017","2010","2016",6. Developing region,2. High income: nonOECD,BB,BB,BRB,BRB,"052","052",BB,BRB,North America,Americas,Caribbean,Latin America & Caribbean,Barbados,Barbados,Barbados,Barbade,LCR,0.81765067496,0.0370397767
"188",Admin-0 country,"2",Sovereign country,Saint Lucia,"164994","9",2083,"2017","2010","2016",6. Developing region,3. Upper middle income,ST,LC,LCA,LCA,"662","662",LC,LCA,North America,Americas,Caribbean,Latin America & Caribbean,St. Lucia,Saint Lucia,Santa Lucía,Sainte-Lucie,LCR,0.9696186058,0.05060609249
"189",Admin-0 country,"2",Sovereign country,Commonwealth of Dominica,"73897","8",812,"2017","2011","2016",6. Developing region,3. Upper middle income,DO,DM,DMA,DMA,"212","212",DM,DMA,North America,Americas,Caribbean,Latin America & Caribbean,Dominica,Dominica,Dominica,Dominique,LCR,1.16552173821,0.06149331893
"190",Admin-0 country,"2",Dependency,,"5292","5",43.8,"2017","-99","2006",6. Developing region,4. Lower middle income,MH,MS,MSR,MSR,"500","500","-99",MSR,North America,Americas,Caribbean,Latin America & Caribbean,Montserrat,Montserrat,Montserrat,Montserrat,Other,0.38494712229,0.0084399613
"191",Admin-0 country,"2",Sovereign country,Antigua and Barbuda,"94731","8",2171,"2017","2011","2016",6. Developing region,3. Upper middle income,AC,AG,ATG,ATG,"028","028",AG,ATG,North America,Americas,Caribbean,Latin America & Caribbean,Antigua und Barbuda,Antigua and Barbuda,Antigua y Barbuda,Antigua-et-Barbuda,LCR,1.63997461229,0.03836839476
"192",Admin-0 country,"2",Sovereign country,Federation of Saint Kitts and Nevis,"52715","8",1427,"2017","2011","2016",6. Developing region,2. High income: nonOECD,SC,KN,KNA,KNA,"659","659",KN,KNA,North America,Americas,Caribbean,Latin America & Caribbean,St. Kitts und Nevis,Saint Kitts and Nevis,San Cristóbal y Nieves,Saint-Christophe-et-Niévès,LCR,0.98134158676,0.02244434091
"193",Admin-0 country,"2",Dependency,Virgin Islands of the United States,"107268","9",3792,"2017","2010","2013",6. Developing region,2. High income: nonOECD,VQ,VI,VIR,VIR,"850","850",VI,VIR,North America,Americas,Caribbean,Latin America & Caribbean,Amerikanische Jungferninseln,United States Virgin Islands,Islas Vírgenes de los Estados Unidos,îles Vierges des États-Unis,Other,1.70545647216,0.03026535979
"194",Admin-0 country,"2",Dependency,Saint-Barthélemy,"7184","5",255,"2017","-99","2016",2. Developed region: nonG7,1. High income: OECD,TB,BL,BLM,BLM,"652","652","-99",BLM,North America,Americas,Caribbean,Latin America & Caribbean,Saint-Barthélemy,Saint-Barthélemy,San Bartolomé,Saint-Barthélemy,Other,0.19524892019,0.00208240998
"195",Admin-0 country,"2",Dependency,Commonwealth of Puerto Rico,"3351827","12",131000,"2017","2010","2016",6. Developing region,2. High income: nonOECD,RQ,PR,PRI,PRI,"630","630",PR,PRI,North America,Americas,Caribbean,Latin America & Caribbean,Puerto Rico,Puerto Rico,Puerto Rico,Porto Rico,Other,6.09141115813,0.76928198933
"196",Admin-0 country,"2",Dependency,,"17087","6",175.4,"2017","-99","2009",6. Developing region,3. Upper middle income,AV,AI,AIA,AIA,"660","660","-99",AIA,North America,Americas,Caribbean,Latin America & Caribbean,Anguilla,Anguilla,Anguila,Anguilla,Other,0.50612351662,0.00689130851
"197",Admin-0 country,"2",Dependency,British Virgin Islands,"35015","7",500,"2017","-99","2010",2. Developed region: nonG7,1. High income: OECD,VI,VG,VGB,VGB,"092","092","-99",VGB,North America,Americas,Caribbean,Latin America & Caribbean,Britische Jungferninseln,British Virgin Islands,Islas Vírgenes Británicas,îles Vierges britanniques,Other,1.37453894707,0.01240049464
"198",Admin-0 country,"2",Sovereign country,Jamaica,"2990561","12",25390,"2017","2011","2016",6. Developing region,3. Upper middle income,JM,JM,JAM,JAM,"388","388",JM,JAM,North America,Americas,Caribbean,Latin America & Caribbean,Jamaika,Jamaica,Jamaica,Jamaïque,LCR,5.97743803289,0.94206182704
"199",Admin-0 country,"2",Dependency,Cayman Islands,"58441","8",2507,"2017","2010","2014",5. Emerging region: G20,2. High income: nonOECD,CJ,KY,CYM,CYM,"136","136",KY,CYM,North America,Americas,Caribbean,Latin America & Caribbean,Cayman Islands,Cayman Islands,Islas Caimán,îles Caïmans,Other,1.70495528065,0.02659690417
"200",Admin-0 country,"2",Dependency,The Bermudas or Somers Isles,"70864","8",5198,"2017","2010","2013",2. Developed region: nonG7,2. High income: nonOECD,BD,BM,BMU,BMU,"060","060",BM,BMU,North America,Americas,Northern America,North America,Bermuda,Bermuda,Bermudas,Bermudes,Other,1.02537507689,0.00596583856
"201",Admin-0 country,"2",Dependency,Territory of Heard Island and McDonald Islands,"0","1",0,"2017","-99","2016",7. Least developed region,5. Low income,HM,HM,HMD,HMD,"334","-099","-99",HMD,Seven seas (open ocean),Seven seas (open ocean),Seven seas (open ocean),Sub-Saharan Africa,Heard und McDonaldinseln,Heard Island and McDonald Islands,Islas Heard y McDonald,îles Heard-et-MacDonald,Other,1.41228218881,0.05295397851
"202",Admin-0 country,"2",Dependency,,"7828","5",31.1,"2017","-99","2010",6. Developing region,4. Lower middle income,SH,SH,SHN,SHN,"654","654","-99",SHN,Seven seas (open ocean),Africa,Western Africa,Sub-Saharan Africa,St. Helena,Saint Helena,Isla Santa Elena,Sainte-Hélène,Other,1.48964326687,0.03366633747
"203",Admin-0 country,"2",Sovereign country,Republic of Mauritius,"1356388","12",25850,"2017","2011","2016",6. Developing region,3. Upper middle income,MP,MU,MUS,MUS,"480","480",MU,MUS,Seven seas (open ocean),Africa,Eastern Africa,Sub-Saharan Africa,Mauritius,Mauritius,Mauricio,Maurice,AFR,2.31775937935,0.17410360791
"204",Admin-0 country,"2",Sovereign country,Union of the Comoros,"808080","11",1259,"2017","2003","2016",7. Least developed region,5. Low income,CN,KM,COM,COM,"174","174",KM,COM,Africa,Africa,Eastern Africa,Sub-Saharan Africa,Komoren,Comoros,Comoras,Comores,AFR,3.1156506187,0.13875207286
"205",Admin-0 country,"2",Sovereign country,Democratic Republic of São Tomé and Principe,"201025","10",694,"2017","2001","2016",7. Least developed region,4. Lower middle income,TP,ST,STP,STP,"678","678",ST,STP,Africa,Africa,Middle Africa,Sub-Saharan Africa,São Tomé und Príncipe,São Tomé and Príncipe,Santo Tomé y Príncipe,Sao Tomé-et-Principe,AFR,1.66559184796,0.084265103
"206",Admin-0 country,"2",Sovereign country,Republic of Cabo Verde,"560899","11",3583,"2017","2010","2016",6. Developing region,4. Lower middle income,CV,CV,CPV,CPV,"132","132",CV,CPV,Africa,Africa,Western Africa,Sub-Saharan Africa,Kap Verde,Cape Verde,Cabo Verde,Cap-Vert,AFR,7.40778678946,0.3277834683
"207",Admin-0 country,"2",Sovereign country,Republic of Malta,"416338","10",16320,"2017","2005","2016",2. Developed region: nonG7,2. High income: nonOECD,MT,MT,MLT,MLT,"470","470",MT,MLT,Europe,Europe,Southern Europe,Middle East & North Africa,Malta,Malta,Malta,Malte,MENA,1.11530426173,0.03252190195
"208",Admin-0 country,"2",Country,Bailiwick of Jersey,"98840","8",5080,"2017","2001","2015",2. Developed region: nonG7,2. High income: nonOECD,JE,JE,JEY,JEY,"832","832",,JEY,Europe,Europe,Northern Europe,Europe & Central Asia,Jersey,Jersey,Jersey,Jersey,Other,0.62571395805,0.0146945136
"209",Admin-0 country,"2",Country,Bailiwick of Guernsey,"66502","8",3465,"2017","2001","2015",2. Developed region: nonG7,2. High income: nonOECD,GK,GG,GGY,GGY,"831","831",,GGY,Europe,Europe,Northern Europe,Europe & Central Asia,Guernsey,Guernsey,Guernsey,Guernesey,Other,0.7112130932,0.00918060873
"210",Admin-0 country,"2",Country,,"88815","8",7428,"2017","2006","2014",2. Developed region: nonG7,2. High income: nonOECD,IM,IM,IMN,IMN,"833","833",IM,IMY,Europe,Europe,Northern Europe,Europe & Central Asia,Isle of Man,Isle of Man,Isla de Man,île de Man,Other,1.40996132973,0.07918554465
"211",Admin-0 country,"2",Dependency,Føroyar Is. (Faeroe Is.),"50730","8",2001,"2017","2011","2014",2. Developed region: nonG7,2. High income: nonOECD,FO,FO,FRO,FRO,"234","234",FO,FRO,Europe,Europe,Northern Europe,Europe & Central Asia,Färöer,Faroe Islands,Islas Feroe,îles Féroé,Other,10.2696924835,0.2280579309
"212",Admin-0 country,"2",Dependency,,"4000","4",160,"2013","-99","2013",2. Developed region: nonG7,2. High income: nonOECD,IO,IO,IOT,IOT,"086","-099","-99",IOT,Seven seas (open ocean),Seven seas (open ocean),Seven seas (open ocean),Sub-Saharan Africa,Britisches Territorium im Indischen Ozean,British Indian Ocean Territory,Territorio Británico del Océano Índico,Territoire britannique de l'océan Indien,Other,1.1719564862,0.00401627683
"213",Admin-0 country,"2",Sovereign country,Republic of Singapore,"5888926","13",487900,"2017","2010","2016",6. Developing region,2. High income: nonOECD,SN,SG,SGP,SGP,"702","702",SG,SGP,Asia,Asia,South-Eastern Asia,East Asia & Pacific,Singapur,Singapore,Singapur,Singapour,Other,0.87298778175,0.04148507618
"214",Admin-0 country,"2",Dependency,Territory of Norfolk Island,"2210","4",33.15,"2014","-99","2016",6. Developing region,4. Lower middle income,NF,NF,NFK,NFK,"574","574","-99",NFK,Oceania,Oceania,Australia and New Zealand,East Asia & Pacific,Norfolk Island,Norfolk Island,Isla Norfolk,île Norfolk,Other,0.30007549751,0.00381123691
"215",Admin-0 country,"2",Dependency,,"9290","5",244.1,"2017","-99","2010",6. Developing region,3. Upper middle income,CW,CK,COK,COK,"184","184","-99",COK,Oceania,Oceania,Polynesia,East Asia & Pacific,Cookinseln,Cook Islands,Islas Cook,Îles Cook,Other,1.76419243568,0.01650633239
"216",Admin-0 country,"2",Sovereign country,Kingdom of Tonga,"106479","9",557,"2017","2006","2016",6. Developing region,4. Lower middle income,TN,TO,TON,TON,"776","776",TO,TON,Oceania,Oceania,Polynesia,East Asia & Pacific,Tonga,Tonga,Tonga,Tonga,EAP,3.20486106956,0.05210174114
"217",Admin-0 country,"2",Dependency,Wallis and Futuna Islands,"15714","6",60,"2017","-99","2016",6. Developing region,4. Lower middle income,WF,WF,WLF,WLF,"876","876","-99",WLF,Oceania,Oceania,Polynesia,East Asia & Pacific,Wallis und Futuna,Wallis and Futuna,Wallis y Futuna,Wallis-et-Futuna,Other,0.72324447279,0.01164427229
"218",Admin-0 country,"2",Sovereign country,Independent State of Samoa,"200108","10",1046,"2017","2006","2016",7. Least developed region,4. Lower middle income,WS,WS,WSM,WSM,"882","882",WS,WSM,Oceania,Oceania,Polynesia,East Asia & Pacific,Samoa,Samoa,Samoa,Samoa,EAP,3.13979911233,0.23237785519
"219",Admin-0 country,"2",Sovereign country,,"647581","11",1198,"2017","2009","2016",7. Least developed region,4. Lower middle income,BP,SB,SLB,SLB,"090","090",SB,SLB,Oceania,Oceania,Melanesia,East Asia & Pacific,Salomonen,Solomon Islands,Islas Salomón,Îles Salomon,EAP,40.7215147018,2.23640243925
"220",Admin-0 country,"2",Sovereign country,Tuvalu,"11052","6",39,"2017","2002","2016",7. Least developed region,3. Upper middle income,TV,TV,TUV,TUV,"798","798",TV,TUV,Oceania,Oceania,Polynesia,East Asia & Pacific,Tuvalu,Tuvalu,Tuvalu,Tuvalu,EAP,0.70080012443,0.00188714922
"221",Admin-0 country,"2",Sovereign country,Republic of Maldives,"392709","10",5407,"2017","2011","2016",6. Developing region,3. Upper middle income,MV,MV,MDV,MDV,"462","462",MV,MDV,Seven seas (open ocean),Asia,Southern Asia,South Asia,Malediven,Maldives,Maldivas,Maldives,SOA,4.67853468323,0.00886021446
"222",Admin-0 country,"2",Sovereign country,Republic of Nauru,"9642","5",150.8,"2017","-99","2015",6. Developing region,4. Lower middle income,NR,NR,NRU,NRU,"520","520","-99",NRU,Oceania,Oceania,Micronesia,East Asia & Pacific,Nauru,Nauru,Nauru,Nauru,Other,0.17879544162,0.00233714448
"223",Admin-0 country,"2",Sovereign country,Federated States of Micronesia,"104196","9",314,"2017","2000","2016",6. Developing region,4. Lower middle income,FM,FM,FSM,FSM,"583","583",FM,FSM,Oceania,Oceania,Micronesia,East Asia & Pacific,Mikronesien,Federated States of Micronesia,Micronesia,Micronésie,EAP,3.11198343307,0.05188218263
"224",Admin-0 country,"2",Dependency,South Georgia and the Islands,"30","1",0.3,"2017","-99","2016",7. Least developed region,5. Low income,SX,GS,SGS,SGS,"239","-099","-99",SGS,Seven seas (open ocean),Seven seas (open ocean),Seven seas (open ocean),Antarctica,Südgeorgien und die Südlichen Sandwichinseln,South Georgia and the South Sandwich Islands,Islas Georgias del Sur y Sándwich del Sur,Géorgie du Sud-et-les Îles Sandwich du Sud,Other,12.3434071598,0.54624365585
"225",Admin-0 country,"2",Dependency,Falkland Islands,"2931","4",281.8,"2014","-99","2012",2. Developed region: nonG7,1. High income: OECD,FK,FK,FLK,FLK,"238","238","-99",FLK,South America,Americas,South America,Latin America & Caribbean,Falklandinseln,Falkland Islands,Islas Malvinas,îles Malouines,Other,29.3790729675,1.50877631589
"226",Admin-0 country,"2",Sovereign country,Republic of Vanuatu,"282814","10",723,"2017","2009","2016",7. Least developed region,4. Lower middle income,NH,VU,VUT,VUT,"548","548",VU,VUT,Oceania,Oceania,Melanesia,East Asia & Pacific,Vanuatu,Vanuatu,Vanuatu,Vanuatu,EAP,20.7747305456,1.03955391996
"227",Admin-0 country,"2",Dependency,,"1626","3",10,"2015","-99","2003",6. Developing region,3. Upper middle income,NE,NU,NIU,NIU,"570","570","-99",NIU,Oceania,Oceania,Polynesia,East Asia & Pacific,Niue,Niue,Niue,Niue,Other,0.58195837976,0.01893065545
"228",Admin-0 country,"2",Dependency,American Samoa,"51504","8",711,"2017","2010","2013",6. Developing region,3. Upper middle income,AQ,AS,ASM,ASM,"016","016",AS,ASM,Oceania,Oceania,Polynesia,East Asia & Pacific,Amerikanisch-Samoa,American Samoa,Samoa Estadounidense,Samoa américaines,Other,1.07370505154,0.01510143944
"229",Admin-0 country,"2",Sovereign country,Republic of Palau,"21431","7",276,"2017","2010","2016",6. Developing region,3. Upper middle income,PS,PW,PLW,PLW,"585","585",PW,PLW,Oceania,Oceania,Micronesia,East Asia & Pacific,Palau,Palau,Palaos,Palaos,EAP,2.48392488912,0.04028052265
"230",Admin-0 country,"2",Dependency,Territory of Guam,"167358","9",4882,"2017","2010","2013",6. Developing region,2. High income: nonOECD,GQ,GU,GUM,GUM,"316","316",GU,GUM,Oceania,Oceania,Micronesia,East Asia & Pacific,Guam,Guam,Guam,Guam,Other,1.17824070939,0.04709381526
"231",Admin-0 country,"2",Dependency,Commonwealth of the Northern Mariana Islands,"52263","8",682,"2017","2010","2013",6. Developing region,2. High income: nonOECD,CQ,MP,MNP,MNP,"580","580",MP,MNP,Oceania,Oceania,Micronesia,East Asia & Pacific,Nördliche Marianen,Northern Mariana Islands,Islas Marianas del Norte,îles Mariannes du Nord,Other,2.90500459672,0.04899514457
"232",Admin-0 country,"2",Sovereign country,Kingdom of Bahrain,"1410942","12",66370,"2017","2010","2016",6. Developing region,2. High income: nonOECD,BA,BH,BHR,BHR,"048","048",BH,BHR,Asia,Asia,Western Asia,Middle East & North Africa,Bahrain,Bahrain,Baréin,Bahreïn,MENA,1.26371277728,0.05275977067
"233",Admin-0 country,"2",Dependency,,"0","1",0,"2017","-99","2016",7. Least developed region,5. Low income,IP,"-99","-99","-99","-99","-099","-99",FRA,Seven seas (open ocean),Americas,Central America,Latin America & Caribbean,Clipperton-Insel,Clipperton Island,Isla Clipperton,île Clipperton,Other,0.081190068,0.00041283915
"234",Admin-0 country,"2",Country,"Macao Special Administrative Region, PRC","601969","11",63220,"2017","2011","2016",6. Developing region,2. High income: nonOECD,MC,MO,MAC,MAC,"446","446",MO,MAC,Asia,Asia,Eastern Asia,East Asia & Pacific,Macau,Macau,Macao,Macao,EAP,0.42364627151,0.00263327858
"235",Admin-0 country,"2",Country,Kingdom of the Netherlands,"17084719","14",870800,"2017","2011","2016",2. Developed region: nonG7,1. High income: OECD,NL,NL,NLD,NLD,"528","528",,BES,Europe,Europe,Western Europe,Europe & Central Asia,Niederlande,Netherlands,Países Bajos,Pays-Bas,Other,0.87096144813,0.02235507651
"236",Admin-0 country,"2",Country,Kingdom of the Netherlands,"17084719","14",870800,"2017","2011","2016",2. Developed region: nonG7,1. High income: OECD,NL,NL,NLD,NLD,"528","528",,BES,Europe,Europe,Western Europe,Europe & Central Asia,Niederlande,Netherlands,Países Bajos,Pays-Bas,Other,0.17817753144,0.00161939337
"237",Admin-0 country,"2",Country,Kingdom of the Netherlands,"17084719","14",870800,"2017","2011","2016",2. Developed region: nonG7,1. High income: OECD,NL,NL,NLD,NLD,"528","528",,BES,Europe,Europe,Western Europe,Europe & Central Asia,Niederlande,Netherlands,Países Bajos,Pays-Bas,Other,0.09096832641,0.00060145805
"238",Admin-0 country,"2",Country,Kingdom of the Netherlands,"17084719","14",870800,"2017","2011","2016",2. Developed region: nonG7,1. High income: OECD,NL,NL,NLD,NLD,"528","528",NL,NLD,Europe,Europe,Western Europe,Europe & Central Asia,Niederlande,Netherlands,Países Bajos,Pays-Bas,Other,22.8163859273,4.88454043988
"239",Admin-0 country,"2",Dependency,,"2801","4",42.02,"2017","-99","2016",2. Developed region: nonG7,2. High income: nonOECD,"-99","-99","-99","-99","-99","-099","-99",CCK,Asia,Seven seas (open ocean),Seven seas (open ocean),East Asia & Pacific,Australische Territorien im Indischen Ozean,Australian Indian Ocean Territories,Territorios Australianos del Océano Índico,Territoires extérieurs australiens de l'Océan Indien,Other,0.31873779758,0.00109705996
"240",Admin-0 country,"2",Dependency,,"2801","4",42.02,"2017","-99","2016",2. Developed region: nonG7,2. High income: nonOECD,"-99","-99","-99","-99","-99","-099","-99",CXR,Asia,Seven seas (open ocean),Seven seas (open ocean),East Asia & Pacific,Australische Territorien im Indischen Ozean,Australian Indian Ocean Territories,Territorios Australianos del Océano Índico,Territoires extérieurs australiens de l'Océan Indien,Other,0.48992766105,0.00815292199
"241",Admin-0 country,"2",Dependency,,"300","2",0,"0","-99","0",7. Least developed region,5. Low income,"-99",UM,UMI,UMI,"581","-099","-99",UMI,North America,Seven seas (open ocean),Seven seas (open ocean),East Asia & Pacific,United States Minor Outlying Islands,United States Minor Outlying Islands,Islas ultramarinas de Estados Unidos,Îles mineures éloignées des États-Unis,Other,0.11320780627,0.00020809801
"242",Admin-0 country,"2",Dependency,,"300","2",0,"0","-99","0",7. Least developed region,5. Low income,"-99",UM,UMI,UMI,"581","-099","-99",UMI,North America,Seven seas (open ocean),Seven seas (open ocean),East Asia & Pacific,United States Minor Outlying Islands,United States Minor Outlying Islands,Islas ultramarinas de Estados Unidos,Îles mineures éloignées des États-Unis,Other,0.05929394536,0.00018985735
"243",Admin-0 country,"2",Dependency,,"300","2",0,"0","-99","0",7. Least developed region,5. Low income,"-99",UM,UMI,UMI,"581","-099","-99",UMI,North America,Seven seas (open ocean),Seven seas (open ocean),East Asia & Pacific,United States Minor Outlying Islands,United States Minor Outlying Islands,Islas ultramarinas de Estados Unidos,Îles mineures éloignées des États-Unis,Other,0.04605341218,5.807727e-05
"244",Admin-0 country,"2",Dependency,,"300","2",0,"0","-99","0",7. Least developed region,5. Low income,"-99",UM,UMI,UMI,"581","-099","-99",UMI,North America,Seven seas (open ocean),Seven seas (open ocean),East Asia & Pacific,United States Minor Outlying Islands,United States Minor Outlying Islands,Islas ultramarinas de Estados Unidos,Îles mineures éloignées des États-Unis,Other,0.03555931539,3.891438e-05
"245",Admin-0 country,"2",Dependency,,"300","2",0,"0","-99","0",7. Least developed region,5. Low income,"-99",UM,UMI,UMI,"581","-099","-99",UMI,North America,Seven seas (open ocean),Seven seas (open ocean),East Asia & Pacific,United States Minor Outlying Islands,United States Minor Outlying Islands,Islas ultramarinas de Estados Unidos,Îles mineures éloignées des États-Unis,Other,0.108124723,0.00033657418
"246",Admin-0 country,"2",Dependency,,"300","2",0,"0","-99","0",7. Least developed region,5. Low income,"-99",UM,UMI,UMI,"581","-099","-99",UMI,North America,Seven seas (open ocean),Seven seas (open ocean),East Asia & Pacific,United States Minor Outlying Islands,United States Minor Outlying Islands,Islas ultramarinas de Estados Unidos,Îles mineures éloignées des États-Unis,Other,0.11043430307,0.00032240151
"247",Admin-0 country,"2",Dependency,,"300","2",0,"0","-99","0",7. Least developed region,5. Low income,"-99",UM,UMI,UMI,"581","-099","-99",USA,North America,Seven seas (open ocean),Seven seas (open ocean),East Asia & Pacific,United States Minor Outlying Islands,United States Minor Outlying Islands,Islas ultramarinas de Estados Unidos,Îles mineures éloignées des États-Unis,Other,0.08560824029,0.0004129625
"248",Admin-0 country,"2",Dependency,,"300","2",0,"0","-99","0",7. Least developed region,5. Low income,"-99",UM,UMI,UMI,"581","-099","-99",UMI,North America,Seven seas (open ocean),Seven seas (open ocean),East Asia & Pacific,United States Minor Outlying Islands,United States Minor Outlying Islands,Islas ultramarinas de Estados Unidos,Îles mineures éloignées des États-Unis,Other,0.14736270972,0.00057582393
"249",Admin-0 country,"2",Dependency,,"300","2",0,"0","-99","0",7. Least developed region,5. Low income,"-99",UM,UMI,UMI,"581","-099","-99",UMI,North America,Seven seas (open ocean),Seven seas (open ocean),East Asia & Pacific,United States Minor Outlying Islands,United States Minor Outlying Islands,Islas ultramarinas de Estados Unidos,Îles mineures éloignées des États-Unis,Other,0.05957031352,0.00022178889
"250",Admin-0 country,"2",Country,New Zealand,"4510327","12",174800,"2017","2006","2016",2. Developed region: nonG7,1. High income: OECD,NZ,NZ,NZL,NZL,"554","554",,TKL,Oceania,Oceania,Australia and New Zealand,East Asia & Pacific,Neuseeland,New Zealand,Nueva Zelanda,Nouvelle-Zélande,Other,0.17845316365,0.00034820703
"251",Admin-0 country,"2",Country,New Zealand,"4510327","12",174800,"2017","2006","2016",2. Developed region: nonG7,1. High income: OECD,NZ,NZ,NZL,NZL,"554","554",NZ,NZL,Oceania,Oceania,Australia and New Zealand,East Asia & Pacific,Neuseeland,New Zealand,Nueva Zelanda,Nouvelle-Zélande,Other,104.828985944,29.1435421818
